indonesian,english
abu,ash
abu,char
abu,cinder
abu,dust
adopsi,adoption
aduh,oh god
aduh,oh man
aduh,oh no
aduh,oof
aduh,ouch
aduh,ow
aktif,active
aktif,dynamic
aktif,lively
aku,i
aku,me
alam,essence
alam,nature
alasan,argument
alasan,cause
alasan,excuse
alasan,ground
alasan,motivation
alasan,motive
alasan,rationale
alasan,reason
alasan,reasoning
aman,peaceful
aman,safe
aman,secure
amat,disturbingly
amat,enormous
amat,exceedingly
amat,extremely
amat,greatly
amat,incredibly
amat,most
amat,really
amat,so
amat,super
amat,terribly
amat,tremendous
amat,vastly
amat,very
amat,well
amat,wonderfully
ambil,get
ambil,grab
ambil,pick up
ambil,take
ancam,intimidate
ancam,scare off
ancam,snarl
ancam,threaten
ancaman,danger
ancaman,intimidation
ancaman,menace
ancaman,scare tactics
ancaman,threat
aneh,abnormal
aneh,bizarre
aneh,curious
aneh,eccentric
aneh,funny
aneh,odd
aneh,peculiar
aneh,quaint
aneh,strange
aneh,uncanny
aneh,unusual
aneh,weird
anehnya,abnormally
anehnya,bizarrely
anehnya,eccentricly
anehnya,oddly
anehnya,peculiarly
anehnya,strangely
anehnya,unusually
anehnya,weirdly
anggun,elegant
anggun,graceful
anggun,prim
anggun,proper
anti,anti
anti,anti-
anti,contra-
antisipasi,anticipation
api,blaze
api,fire
api,flame
api,light
apresiasi,appreciation
asing,alien
asing,different
asing,exotic
asing,foreign
asing,non-native
asing,strange
asyik,fun
asyik,hooray
asyik,yay
badass,alpha
badass,awesome
badass,badass
badass,chad
bagi,divide
bagi,for
bagi,give away
bagi,share
bagi,to
bagus,amazing
bagus,awesome
bagus,beautiful
bagus,excellent
bagus,fine
bagus,good
bagus,great
bagus,nice
bagus,wonderful
bahagia,cheerful
bahagia,content
bahagia,happy
bahaya,challenge
bahaya,danger
bahaya,harm
bahaya,hazard
bahaya,risk
baik,decent
baik,good
baik,kind
baik,nice
baik,okay
baik,well
ban,belt
ban,tire
bangga,proud
bantu,assist
bantu,give a hand
bantu,help
bantu,lend a hand
batal,abandon
batal,call off
batal,cancel
batal,cancell
batal,invalid
batal,not happening
batas,border
batas,boundary
batas,bounds
batas,limit
batas,line
bebas,candid
bebas,free
bebas,independent
bebas,open
beberapa,a bunch of
beberapa,a number of
beberapa,certain
beberapa,couple
beberapa,few
beberapa,many
beberapa,several
beberapa,some
bela,care
bela,defend
bela,protect
belakang,back
belakang,behind
belakang,hind
belakang,rear
benar,accurate
benar,correct
benar,right
benar,true
benar,valid
bencana,catastrophe
bencana,disaster
bencana,tragedy
benci,abhor
benci,can't stand
benci,despise
benci,detest
benci,dislike
benci,hate
benci,loathe
benci,resent
berani,bold
berani,brave
berani,courageous
berani,daring
berani,gallant
berani,gutsy
berani,manly
berani,spunky
berani,tough
berani,valiant
berarti,counts
berarti,matters
berarti,meaningful
berarti,significant
berarti,useful
berarti,valuable
berat,complicated
berat,difficult
berat,heavy
berat,heft
berat,serious
berat,severe
berat,tough
berat,weight
berat,weighty
berbahaya,bad news
berbahaya,challenging
berbahaya,dangerous
berbahaya,deadly
berbahaya,fatal
berbahaya,harmful
berbahaya,hazardous
berbahaya,risky
berbahaya,threatening
berbahaya,unsafe
berdarah,bleed
berdarah,bloody
berdarah,gory
berdoa,hope
berdoa,pray
berdoa,worship
berduka,mourn
berduka,sorrow
berguna,beneficial
berguna,handy
berguna,helpful
berguna,of use
berguna,useful
berhak,entitled
berhak,have the right to
berhak,reserve the right to
berhak,rightful
berharap,cross fingers
berharap,expect
berharap,hope
beri,berry
beri,give
berkomitmen,commited
berkomitmen,committed
berlebihan,excessive
berlebihan,obsessive
berlebihan,overkill
berlebihan,too much
bermanfaat,advantageous
bermanfaat,benefecial
bermanfaat,beneficial
bermanfaat,fruitful
bermanfaat,helpful
bermanfaat,of use
bermanfaat,productive
bermanfaat,useful
bermanfaat,worthwhile
bersaing,compete
bersaing,competitive
bersaing,contend
bersaing,face off
bersama,in collaboration with
bersama,in conjunction with
bersama,together
bersama,together with
bersama,with
bersedih,grieve
bersedih,heartbroken
bersedih,mourn
bersedih,sad
bersembunyi,hide
bersembunyi,hiding
bersembunyi,lurking
bersembunyi,lying low
bersembunyi,sheltering
bersorak,cheer
bersorak,cheering
bersorak,screaming
bersorak,shout
bersorak,shouting
bersorak,squealing
bersorak,yelling
besar,big
besar,bug
besar,bulky
besar,enormous
besar,grand
besar,great
besar,huge
besar,humongous
besar,large
besar,major
besar,significant
besar,substantial
biadab,animalistic
biadab,barbaric
biadab,inhuman
biadab,savage
biadab,uncivilized
biadab,uneducated
biadab,wild
biaya,charge
biaya,cost
biaya,expense
biaya,fee
biaya,money
biaya,price
bingung,baffled
bingung,confuse
bingung,confused
bingung,perplexed
bingung,puzzled
bodoh,braindead
bodoh,brainless
bodoh,dense
bodoh,dumb
bodoh,fool
bodoh,foolish
bodoh,idiot
bodoh,ignorant
bodoh,silly
bodoh,stupid
bohong,deceive
bohong,fabricate
bohong,lie
bom,bomb
bom,explosive
buka,open
bunga,flora
bunga,flower
bunga,interest
bungkam,quiet
bungkam,silence
bungkam,silent
bunuh,assassinate
bunuh,cut
bunuh,kill
bunuh,murder
bunuh,off
bunuh,slay
bunuh,snuff
bunuh diri,kill oneself
bunuh diri,suicide
buruk,awful
buruk,bad
buruk,bad 
buruk,foul
buruk,horrible
buruk,ill
buruk,nasty
buruk,poor
buruk,rotten
buruk,terrible
buruk,ugly
buta,blind
buta,eyeless
buta,sightless
cantik,attractive
cantik,beautiful
cantik,fair
cantik,lovely
cantik,pretty
capai,achieve
capai,achieved
capai,reach
capai,tired
capai,weary
cari,explore
cari,look for
cari,search
cari,seek
cedera,injured
cedera,injury
cegah,prevent
cegah,stop
cemas,anxious
cemas,concerned
cemas,on edge
cemas,worried
cepat,fast
cepat,hurry
cepat,nimble
cepat,prompt
cepat,quick
cepat,rapid
cepat,snappy
cepat,speedy
cepat,swift
cerdas,astute
cerdas,big-brained
cerdas,brainy
cerdas,bright
cerdas,brilliant
cerdas,clever
cerdas,intelligent
cerdas,sharp
cerdas,sharp-witted
cerdas,shrewd
cerdas,smart
cinta,love
cium,kiss
cium,smell
cium,smooch
cium,sniff
cocok,appropriate
cocok,compatible
cocok,correct
cocok,fit
cocok,match
cocok,right
cocok,suitable
copet,pickpocket
copet,purse snatcher
copet,thief
damai,peace
damai,peaceful
dapat,able
dapat,acquire
dapat,can
dapat,get
dapat,have
dapat,obtain
dapat,receive
daya,energy
daya,power
daya,strength
diabaikan,abandoned
diabaikan,disregarded
diabaikan,ignored
diabaikan,left
diam,idle
diam,quiet
diam,silent
diancam,intimidated
diancam,threatened
dibersihkan,cleaned
dibersihkan,taken care of
dibersihkan,tidied
dicuri,snatched
dicuri,stolen
dihukum,punished
dikalahkan,beaten
dikalahkan,defeated
dikalahkan,outmatched
dikalahkan,outplayed
dipercaya,trusted
dipermalukan,humiliated
dipertanyakan,put into question
dipertanyakan,questionable
dipertanyakan,questioned
diprovokasi,aggravated
diprovokasi,agitated
diprovokasi,provocated
diprovokasi,provoked
diprovokasi,riled up
disebut-sebut,mentioned
disebut-sebut,rumored
disebut-sebut,said
ditakuti,feared
ditakuti,infamous
ditakuti,scared
ditangkap,apprehended
ditangkap,arrested
ditangkap,captured
ditangkap,detained
ditangkap,imprisoned
ditangkap,incarcerated
ditangkap,jailed
ditangkap,restrained
ditangkap,secured
ditangkap,seized
diteror,intimidated
diteror,terrorized
ditinggalkan,abandoned
ditinggalkan,discarded
ditinggalkan,dropped
ditinggalkan,left
ditinggalkan,left behind
ditinggalkan,neglected
ditingkatkan,enhanced
ditingkatkan,improved
ditingkatkan,increased
ditingkatkan,upgraded
dituduh,accused
dituduh,charged
ditunda,adjourned
ditunda,delayed
ditunda,postponed
doa,prayer
doktrin,axiom
doktrin,belief
doktrin,doctrine
doktrin,teachings
duka,grief
duka,mourning
duka,sorrow
duka,woe
dukung,approve
dukung,endorse
dukung,support
dukungan,encouragement
dukungan,endorsement
dukungan,endrorsement
dukungan,support
efektif,effective
eksklusif,certain
eksklusif,exclusive
eksklusif,particular
eksklusif,special
eksklusif,specific
empati,compassion
empati,empathy
empati,feelings
empati,sympathy
empati,understanding
fitnah,defamation
fitnah,denigration
fitnah,libel
fitnah,lie
fitnah,slander
fitnah,smear
fitnah,vilification
fokus,concentrate
fokus,focus
fokus,point
fokus,purpose
gagah,bold
gagah,brave
gagah,brawny
gagah,dashing
gagah,gallant
gagah,heroic
gagah,lion-hearted
gagah,manly
gagah,muscular
gagah,strong
gagah,valiant
gagal,bomb
gagal,collapse
gagal,fail
gagal,failed
gagal,flop
gagal,flunk
gagal,unsuccesful
gampang,convenient
gampang,easy
gampang,ez
gampang,piece of cake
gampang,simple
gampang,straightforward
ganggu,annoy
ganggu,bother
ganggu,disturb
ganggu,mess with
gaya,fashion
gaya,manner
gaya,style
gaya,trend
gaya,way
gelap,dark
gelap,illegal
gelap,illicit
gelap,murky
gelap,shadowy
gelap,shady
gelap,tan
gentar,afraid
gentar,fear
gentar,intimidated
gentar,quiver
gentar,scared
gentar,tremble
gertak,bluff
gertak,bully
gertak,intimidate
gertak,scare off
gertak,snarl
gertak,threaten
gila,bonkers
gila,crazy
gila,insane
gila,lunatic
gila,mad
gila,maniac
gila,nuts
gila,off the rocker
gila,out of mind
gila,rabid
guncang,jolt
guncang,rattle
guncang,shake
guncang,shudder
guncangan,quake
guncangan,shock
ha,ha
ha,ha!
ha,huh
ha,lol
ha,wdym
ha,what
habis,all out
habis,done
habis,finish
habis,finished
habis,over
habis,run out
hal,case
hal,matter
hal,regard
hal,stuff
hal,subject
hal,thing
hancur,broken
hancur,busted up
hancur,destroyed
hancur,smashed
hancur,wrecked
hantu,apparition
hantu,devil
hantu,ghost
hantu,monster
hantu,shadow
hantu,spectre
hantu,spirit
hantu,spook
harapan,expectation
harapan,hope
harapan,prospect
harga,cost
harga,price
harga,rate
harga,value
harga,worth
harta,property
harta,riches
harta,treasure
harta,wealth
hasil,fruit
hasil,outcome
hasil,output
hasil,payoff
hasil,product
hasil,result
hati,feeling
hati,heart
hati,liver
hati,soul
hati-hati,beware
hati-hati,careful
hati-hati,cautious
hati-hati,conscious
hati-hati,mindful
hati-hati,safely
hati-hati,wary
hebat,amazing
hebat,awesome
hebat,excellent
hebat,extraordinary
hebat,fabulous
hebat,great
hebat,impressive
hebat,remarkable
hebat,spectacular
hebat,splendid
hebat,superb
hebat,terrific
hebat,wonderful
heboh,excited
heboh,exciting
heboh,lively
heboh,noisy
heboh,up in arms
heroik,heroic
hidup,exist
hidup,existence
hidup,life
hidup,live
hilang,disappear
hilang,go away
hilang,gone
hilang,lost
hilang,missing
hilang,vanish
hukum,law
ikut,engage
ikut,follow
ikut,go along
ikut,go in
ikut,join
ikut,partake
ikut,participate
ikut,string along
ikut,take after
ikut,take part
ilham,epiphany
ilham,insight
ilham,inspiration
ilham,revelation
iman,belief
iman,believe
iman,creed
iman,faith
indah,attractive
indah,beautiful
indah,breathtaking
indah,lovely
indah,magnificent
indah,picturesque
indah,sightly
ingat,have in mind
ingat,remember
ingin,aspire
ingin,desire
ingin,wanna
ingin,want
ingin,wish
ingin,would like
interogasi,interrogation
interogasi,questioning
isi,body
isi,content
isi,filling
isi,inside
isi,stuffing
istimewa,different
istimewa,distinctive
istimewa,excellent
istimewa,exceptional
istimewa,exclusive
istimewa,extraordinary
istimewa,particular
istimewa,preferential
istimewa,priviledged
istimewa,remarkable
istimewa,special
jahat,bad
jahat,corrupt
jahat,devilish
jahat,diabolical
jahat,evil
jahat,malicious
jahat,mean
jahat,scummy
jahat,sinister
jahat,villanous
jahat,wicked
jamin,assure
jamin,guarantee
jatuh,collapse
jatuh,crash
jatuh,drop
jatuh,fall
jatuh,fall down
jatuh,fall off
jatuh,fall over
jatuh,slip up
jatuh,trip
jatuh,tumble
jawab,answer
jawab,reply
jawab,respond
jaya,glorious
jaya,prosperous
jaya,successful
jaya,triumphant
jaya,victorious
jaya,victorius
jelas,certain
jelas,clear
jelas,definite
jelas,evident
jelas,explicit
jelas,obvious
jelas,plain
jelas,sure
jelas,transparent
jelas,vivid
jelek,apalling
jelek,awful
jelek,bad
jelek,crummy
jelek,disreputable
jelek,horrible
jelek,lousy
jelek,nasty
jelek,poor
jelek,shitty
jelek,shoddy
jelek,terrible
jelek,ugly
jenis,kind
jenis,type
jenis,variety
jual,offer
jual,sell
kalah,beaten
kalah,defeated
kalah,fail
kalah,lose
kalah,lost
kalah,owned
kalimat,clause
kalimat,sentence
kapal,ark
kapal,boat
kapal,canoe
kapal,craft
kapal,ship
kapal,vessel
karya,creation
karya,opus
karya,product
karya,work
kasihan,feel sorry
kasihan,pity
kaya,prosperous
kaya,rich
kaya,stacked
kaya,wealthy
kaya,well-off
kaya,well-to-do
keadilan,equity
keadilan,fairness
keadilan,justice
keamanan,peace
keamanan,safety
keamanan,security
kebaikan,amicability
kebaikan,charity
kebaikan,cordiality
kebaikan,generosity
kebaikan,good
kebaikan,good deed
kebaikan,goodness
kebaikan,kind
kebaikan,kindness
kebaikan,virtue
kebencian,aversion
kebencian,disgust
kebencian,distaste
kebencian,enmity
kebencian,hate
kebencian,hatred
kebencian,hostility
kebencian,loathing
kebencian,malice
kebencian,resentment
keberanian,audacity
keberanian,balls
keberanian,boldness
keberanian,bravery
keberanian,courage
keberanian,fearlessness
keberanian,guts
keberanian,nerve
keberanian,spunk
keberanian,valor
kebetulan,accident
kebetulan,by chance
kebetulan,chance
kebetulan,coincidence
kebetulan,fluke
kebetulan,luck
kecewa,disappoint
kecewa,disappointed
kecewa,frustated
kecewa,let down
kehancuran,destruction
kehancuran,downfall
kehancuran,ruination
kehancuran,undoing
kehilangan,loss
kehilangan,lost
kehilangan,miss
kehilangan,missing
kejahatan,atrocity
kejahatan,crime
kejahatan,evil
kejahatan,harm
kejahatan,misdeed
kejahatan,offence
kejahatan,villainy
kejahatan,wickedness
kejam,abusive
kejam,barbaric
kejam,brutal
kejam,cruel
kejam,cutthroat
kejam,diabolical
kejam,harsh
kejam,heartless
kejam,heinous
kejam,ruthless
kejam,savage
kejam,vicious
keji,brutal
keji,despicable
keji,foul
keji,mean
keji,nasty
keji,vicious
keji,vile
keji,villainous
keji,wicked
kekayaan,earnings
kekayaan,fortune
kekayaan,money
kekayaan,riches
kekayaan,richess
kekayaan,wealth
kekayaan,wealthy
kekerasan,hardness
kekerasan,harshness
kekerasan,violence
kekuatan,capacity
kekuatan,energy
kekuatan,force
kekuatan,fortitude
kekuatan,might
kekuatan,power
kekuatan,strength
kelaparan,famine
kelaparan,hunger
kelaparan,starvation
kelaparan,starving
keluar,book it out
keluar,come out
keluar,escape
keluar,exit
keluar,get out
keluar,go out
keluar,out
keluar,run
keluar,step outside
kematian,death
kematian,demise
kematian,fatality
kematian,mortality
kembali,back
kembali,change
kembali,come back
kembali,comeback
kembali,go back
kembali,return
kembali,revert
kembali,turn back
kena,affected
kena,catch
kena,get
kena,get hit
kena,infected with
kenal,acquainted with
kenal,familiar with
kenal,know
kenyamanan,amenity
kenyamanan,comfort
kenyamanan,convenience
kenyamanan,cosiness
kenyamanan,ease
kepentingan,behalf
kepentingan,benefit
kepentingan,concerns
kepentingan,importance
kepentingan,interest
kepentingan,prominence
kepentingan,significance
keras,hard
keras,harsh
keras,loud
keras,rigid
keras,rigorous
keras,solid
keras,stern
keras,stiff
keras,strict
keras,strong
keras,tough
keren,amazing
keren,awesome
keren,badass
keren,cool
keren,dashing
keren,fashionable
keren,gnarly
keren,impressive
keren,rad
keren,sharp
keren,stylish
kerugian,deprivation
kerugian,detriment
kerugian,disadvantage
kerugian,loss
kerugian,shortcoming
kerusakan,damage
kerusakan,decay
kerusakan,harm
kesalahan,error
kesalahan,failure
kesalahan,fault
kesalahan,guilt
kesalahan,mistake
kesalahan,wrongdoing
kesan,image
kesan,impression
kesempatan,avenue
kesempatan,chance
kesempatan,occasion
kesempatan,opportunity
kesepian,forlorn
kesepian,loneliness
kesepian,lonely
kesepian,lonesome
kesepian,solitude
kesulitan,adversity
kesulitan,challenge
kesulitan,complication
kesulitan,difficulty
kesulitan,distress
kesulitan,hardship
kesulitan,impediment
kesulitan,issue
kesulitan,problem
kesulitan,trouble
ketakutan,dread
ketakutan,fear
ketakutan,fright
ketakutan,horror
ketakutan,scare
ketat,close-fitting
ketat,form-fitting
ketat,skin-tight
ketat,strict
ketat,tight
ketegangan,strain
ketegangan,stress
ketegangan,suspense
ketegangan,tense
ketegangan,tension
ketegangan,tensity
kompak,cohesive
kompak,compact
kompak,solid
kompak,unified
konflik,argument
konflik,clash
konflik,conflict
konflik,controversy
konflik,discord
konflik,dispute
konflik,friction
konflik,quarrel
konflik,squabbling
konflik,strife
konspirasi,collusion
konspirasi,conspiracy
konspirasi,conspiration
konspirasi,intrigue
konspirasi,machinations
korban,sacrifice
korban,scapegoat
korban,victim
korban jiwa,fatalities
korban jiwa,victim
kosong,blank
kosong,empty
kosong,hollow
kosong,unoccupied
kosong,vacant
kosong,vacuous
kosong,zero
kotor,dirty
kotor,filthy
kotor,foul
kotor,grimy
kotor,gross
kotor,grubby
kotor,messy
kotor,nasty
kotor,smudgy
kotor,unclean
kuat,durable
kuat,firm
kuat,intense
kuat,powerful
kuat,robust
kuat,solid
kuat,steady
kuat,strong
kuat,sturdy
kuat,tough
kurang,deficient
kurang,lacking
kurang,less
kurang,minus
kurang,not enough
kutuk,condemn
kutuk,curse
kutuk,damn
kutukan,condemnation
kutukan,curse
kutukan,damning
langgar,break
langgar,defy
langgar,infringe
langgar,violate
larang,ban
larang,disallow
larang,forbid
larang,prohibit
larangan,ban
larangan,prohibition
lawan,against
lawan,competitor
lawan,contender
lawan,contestant
lawan,contra
lawan,contradictor
lawan,foe
lawan,go against
lawan,opponoent
lawan,opposite
lawan,rival
lawan,take on
lawan,versus
layak,appropriate
layak,decent
layak,feasible
layak,proper
layak,qualified
layak,reasonable
layak,sensible
layak,suitable
layak,worthy
lebih,more
lebih,over
lebih baik,better
lebih baik,preferable
lembut,creamy
lembut,delicate
lembut,fluffy
lembut,gentle
lembut,soft
lembut,tender
lengkap,complete
lengkap,comprehensive
lengkap,exhaustive
lengkap,full
lengkap,intact
lengkap,perfect
lengkap,thorough
lengkap,unabridged
lenyap,disappear
lenyap,evaporate
lenyap,extinct
lenyap,gone
lenyap,vanish
lewat,come by
lewat,come through
lewat,go by
lewat,go past
lewat,late
lewat,miss
lewat,pass
lewat,pass through
lewat,passing
lewat,slip by
lewat,through
lihat,look
lihat,observe
lihat,see
lihat,view
lihat,watch
lihat,witness
lmao,lmao
lmao,lol
luar biasa,cut above
luar biasa,exceptional
luar biasa,extraordinary
luar biasa,fantastic
luar biasa,incredible
luar biasa,phenomenal
luar biasa,remarkable
luar biasa,remarkably
luar biasa,super
luar biasa,terrific
luar biasa,unbelievable
lucu,amusing
lucu,comical
lucu,cute
lucu,funny
lucu,gaga
lucu,hilarious
lucu,humorous
lucu,silly
luka,cut
luka,injury
luka,scar
luka,wound
luka,wounded
lupa,forget
maaf,excuse
maaf,forgive
maaf,pardon
maaf,sorry
mahal,costly
mahal,expensive
mahal,extravagant
mahal,high
mahal,lavish
mahal,pricey
mahal,upscale
mampu,able
mampu,adequate
mampu,afford
mampu,capable
mampu,competent
mampu,well-off
marah,angry
marah,enraged
marah,exasperated
marah,furious
marah,irate
marah,mad
marah,outraged
marah,resentful
marah,seethe
marah,upset
masalah,issue
masalah,matter
masalah,problem
masalah,thing
mati,dead
mati,die
mati,go out
mati,kick the bucket
mati,meet one's maker
mati,perish
mayat,body
mayat,cadaver
mayat,corpse
mayat,remains
melakukan,carry out
melakukan,do
melakukan,execute
melakukan,make
melakukan,perform
melakukan,proceed
melakukan,pull off
melakukan,run
melanggar,break
melanggar,defy
melanggar,disobey
melanggar,infringe
melanggar,transgress
melanggar,violate
melemahkan,debilitate
melemahkan,impair
melemahkan,soften
melemahkan,weaken
melindungi,cover
melindungi,guard
melindungi,preserve
melindungi,protect
melindungi,secure
melindungi,shield
melumpuhkan,cripple
melumpuhkan,debilitate
melumpuhkan,demolish
melumpuhkan,disable
melumpuhkan,immobilize
melumpuhkan,impair
melumpuhkan,paralize
melumpuhkan,paralyze
melumpuhkan,stifle
memastikan,ascertain
memastikan,assure
memastikan,confirm
memastikan,determine
memastikan,ensure
memastikan,make sure
memastikan,set
memastikan,settle
membahayakan,compromise
membahayakan,endanger
membahayakan,harm
membahayakan,jeopardize
membantu,aid
membantu,assist
membantu,contribute
membantu,help
membantu,lend a hand
membantu,support
membatalkan,annul
membatalkan,call off
membatalkan,cancel
membatalkan,rescind
membatalkan,void
membatalkan,withdraw
membenci,despise
membenci,dislike
membenci,hate
membenci,loathe
membuka,begin
membuka,disclose
membuka,open
membuka,start
membunuh,assassinate
membunuh,destroy
membunuh,dispatch
membunuh,execute
membunuh,finish off
membunuh,kill
membunuh,murder
membunuh,off
membunuh,slay
membunuh,smite
membunuh,snuff
memerangi,battle
memerangi,be against
memerangi,combat
memerangi,contend
memerangi,counter
memerangi,fight
memerangi,fight against
memerangi,fight back
memerangi,oppose
memerangi,resist
memerangi,withstand
mempertanyakan,doubt
mempertanyakan,ponder
mempertanyakan,question
mempertanyakan,suspect
memuji,commend
memuji,compliment
memuji,flatter
memuji,praise
menahan,arrest
menahan,detain
menahan,endure
menahan,fight back
menahan,hold
menahan,hold back
menahan,hold on
menahan,keep
menahan,keep under control
menahan,resist
menahan,suppress
menahan,sustain
menahan,withhold
menahan,withstand
menanti,expect
menanti,look forward
menanti,wait
menanti,waiting
menarik,alluring
menarik,appealing
menarik,attractive
menarik,enticing
menarik,eye-catching
menarik,interesting
menarik,intriguing
menarik,riveting
mencurigakan,dubious
mencurigakan,fishy
mencurigakan,sus
mencurigakan,suspicious
mendapatkan,acquire
mendapatkan,attain
mendapatkan,gain
mendapatkan,get
mendapatkan,getting
mendapatkan,obtain
mendapatkan,receive
mendapatkan,win
menderita,anguish
menderita,endure
menderita,suffer
mendoktrin,indoctrinate
mendorong,boost
mendorong,compel
mendorong,drive
mendorong,encourage
mendorong,motivate
mendorong,prompt
mendorong,propel
mendorong,push
mendorong,pushing
mendorong,shove
mendorong,stimulate
mendukung,aid
mendukung,back up
mendukung,bolster
mendukung,contribute
mendukung,help out
mendukung,promote
mendukung,stick up
mendukung,support
mendukung,supporting
mendung,clouded
mendung,cloudy
mendung,gloomy
menembak,shoot
menembak,shooting
menerima,accept
menerima,accepting
menerima,get
menerima,receive
menerima,take
mengakui,acknowledge
mengakui,admit
mengakui,confess
mengakui,fess up
mengakui,own up
mengakui,profess
mengakui,recognize
mengamankan,apprehend
mengamankan,arrest
mengamankan,detain
mengamankan,hold in
mengamankan,pacify
mengamankan,preserve
mengamankan,prosecute
mengamankan,secure
mengeluarkan,dish out
mengeluarkan,eject
mengeluarkan,expel
mengeluarkan,get out
mengeluarkan,issue
mengeluarkan,present
mengeluarkan,pull out
mengeluarkan,release
mengeluarkan,spend
mengeluarkan,throw out
mengembalikan,bring back
mengembalikan,give back
mengembalikan,restore
mengembalikan,return
mengembalikan,send back
mengerikan,awful
mengerikan,bone-chilling
mengerikan,dreadful
mengerikan,gruesome
mengerikan,horrible
mengerikan,horrific
mengerikan,horrifying
mengerikan,morbid
mengerikan,nightmarish
mengerikan,scary
mengerikan,terrible
mengerikan,terrifying
mengerikan,unnerving
menghancurkan,break
menghancurkan,crush
menghancurkan,demolish
menghancurkan,destroy
menghancurkan,devastate
menghancurkan,ruin
menghancurkan,shatter
menghancurkan,smash
menghancurkan,tear
menghancurkan,wreck
menghargai,appreciate
menghargai,cherish
menghargai,commend
menghargai,give credit
menghargai,honor
menghargai,prize
menghargai,respect
menghargai,reward
menghargai,treasure
menghargai,value
menghindari,avoid
menghindari,dodge
menghindari,elude
menghindari,evade
menghindari,keep away
menghindari,run from
mengusir,banish
mengusir,cast out
mengusir,dislodge
mengusir,drive away
mengusir,evict
mengusir,kick out
mengusir,oust
mengusir,repel
mengusir,shoo away
mengusir,throw out
mengutuk,condemn
mengutuk,curse
mengutuk,damn
mengutuk,decry
meninggal,decease
meninggal,depart
meninggal,die
meninggal,lose one's life
meninggal,pass away
meningkatkan,enhance
meningkatkan,escalate
meningkatkan,improve
meningkatkan,increase
meningkatkan,intensify
meningkatkan,jack up
meningkatkan,up
meningkatkan,upgrade
menolak,decline
menolak,deny
menolak,dismiss
menolak,refuse
menolak,reject
menolak,turn down
menunggu,anticipate
menunggu,await
menunggu,bide time
menunggu,expect
menunggu,stand by
menunggu,wait
menunggu,waiting
menurunkan,bring down
menurunkan,decrease
menurunkan,dial down
menurunkan,down
menurunkan,drop
menurunkan,drop off
menurunkan,lower
menurunkan,put down
menurunkan,reduce
menyadari,be aware
menyadari,come to sense
menyadari,realize
menyadari,wake up
menyadari,wise up
menyalahkan,accuse
menyalahkan,blame
menyalahkan,condemn
menyalahkan,fault
menyalahkan,put on the spot
menyalahkan,throw under the bus
menyambut,greet
menyambut,welcome
menyebabkan,bring about
menyebabkan,cause
menyebabkan,causing
menyebabkan,give rise to
menyebabkan,leading to
menyerang,assault
menyerang,attack
menyerang,charge
menyerang,hit
menyerang,rush
menyerang,strike
menyeret,drag
menyeret,haul
menyeret,lug
menyeret,tow
menyesatkan,mislead
menyesatkan,misleading
menyita,confiscate
menyita,seize
meragukan,doubt
meragukan,dubious
meragukan,question
meragukan,suspect
meruntuhkan,demolish
meruntuhkan,knock down
meruntuhkan,overthrow
meruntuhkan,raze
meruntuhkan,tear down
minta,ask
minta,ask for
minta,request
minta maaf,apologize
minta maaf,excuse oneself
minta maaf,i'm sorry
minta maaf,pardon me
miskin,broke
miskin,destitute
miskin,impoverished
miskin,needy
miskin,poor
moga,hope
muda,early
muda,pale
muda,young
mudah,convenient
mudah,easy
mudah,ez
mudah,simple
mudah,straightforward
muka,advance
muka,countenance
muka,face
muka,front
muka,look
muka,mug
muka,surface
muka,visage
mulia,esteemed
mulia,glorious
mulia,holy
mulia,honorable
mulia,noble
mulia,precious
mundur,back off
mundur,fall back
mundur,go back
mundur,retreat
mundur,set back
mundur,step back
murah,affordable
murah,cheap
murah,generous
murah,inexpensive
murka,angry
murka,furious
murka,mad
murka,wrath
musuh,adversary
musuh,competitor
musuh,contender
musuh,enemy
musuh,foe
musuh,opponent
musuh,rival
nanti,afterward
nanti,future
nanti,in the future
nanti,later
nanti,some other time
nekat,desperate
nekat,reckless
neraka,blaze
neraka,hell
neraka,inferno
ngeri,eerie
ngeri,fearful
ngeri,horrible
ngeri,scary
ngeri,spooky
ngeri,terrible
ngerti,get it
ngerti,understand
nilai,grade
nilai,mark
nilai,score
nilai,value
nilai,worth
oke,good
oke,ok
oke,okay
oke,okey dokey
oleh,by
orang bodoh,birdbrain
orang bodoh,doofus
orang bodoh,dumbass
orang bodoh,dummy
orang bodoh,dunce
orang bodoh,goof
orang bodoh,idiot
orang bodoh,nincompoop
orang bodoh,pinhead
orang bodoh,schmuck
orang bodoh,stupid people
pada,at
pada,in
pada,on
pada,you all
padat,compact
padat,congested
padat,crowded
padat,dense
padat,populous
padat,solid
padat,tight
pahlawan,hero
pahlawan,heroes
pahlawan,patriot
palsu,artificial
palsu,bogus
palsu,counterfeit
palsu,dummy
palsu,fake
palsu,false
palsu,imitation
palsu,made-up
palsu,phony
palsu,sham
panas,burning
panas,flaming
panas,heat
panas,hot
panas,scorching
panas,temperature
panas,thermal
panas,warm
panik,frigthened
panik,panic
panik,scare
panjang,extensive
panjang,length
panjang,lengthy
panjang,long
pantat,arse
pantat,ass
pantat,asscheeks
pantat,backside
pantat,behind
pantat,bottom
pantat,bum
pantat,butt
pantat,buttock
pantat,buttocks
pantat,rear
pantat,rump
parodi,farce
parodi,parody
parodi,travesty
pasti,absolute
pasti,certain
pasti,definite
pasti,doubtless
pasti,fixed
pasti,sure
pasti,undoubtly
pecah,break
pecah,broken
pecah,burst
pecah,busted
pecah,popped
pecah,shattered
peduli,care
peduli,pay attention
pelaku,culprit
pelaku,doer
pelaku,performer
pelaku,perp
pelaku,perpetrator
pelaku,perpretator
pelaku,player
pelaku kejahatan,criminal
pelaku kejahatan,culprit
pelaku kejahatan,perp
pelaku kejahatan,perpetrator
pelaku kejahatan,perpretator
pembela,advocate
pembela,apologist
pembela,defender
pembela,protector
pembela,vindicator
pemberani,daredevil
pemberani,daring
pemberani,fearless
pemberani,interpid
pemberontakan,betrayal
pemberontakan,insurgency
pemberontakan,rebelion
pemberontakan,rebellion
pemberontakan,revolt
pemberontakan,revolution
pemberontakan,uprising
penangkapan,apprehension
penangkapan,arrest
penangkapan,capture
penangkapan,catching
penangkapan,interception
penangkapan,trapping
pendukung,backer
pendukung,proponent
pendukung,supporter
penembakan,shooting
pengecut,chicken
pengecut,coward
pengecut,sissy
pengunjung,guest
pengunjung,visitor
penjara,big house
penjara,brig
penjara,cage
penjara,gaol
penjara,jail
penjara,lockup
penjara,penitentiary
penjara,prison
penjara,slammer
penjara,ward
penting,consequential
penting,critical
penting,essential
penting,important
penting,monumental
penting,notable
penting,prominent
penting,significant
penting,urgent
penting,vital
penuh,complete
penuh,crowded
penuh,full
penuh,packed
penuh,whole
penularan,contagion
penularan,infection
penularan,spread
penularan,spreading
penularan,transimission
penularan,transmission
penyelamat,rescuer
penyelamat,saver
penyelamat,savior
penyelidikan,inquiry
penyelidikan,investigation
perampok,bandit
perampok,hijacker
perampok,mugger
perampok,plunderer
perampok,robber
perang,battle
perang,war
perasaan,feeling
perasaan,heart
perasaan,sense
perasaan,sentiment
percaya,believe
percaya,trust
perdamaian,peace
peringatan,alert
peringatan,commemoration
peringatan,heads up
peringatan,memorial
peringatan,notice
peringatan,remembrance
peringatan,tip-off
peringatan,warning
perjuangan,battle
perjuangan,effort
perjuangan,fight
perjuangan,struggle
pertanyaan,query
pertanyaan,question
pertanyaan,questions
pertempuran,battle
pertempuran,combat
pertempuran,fight
pertempuran,war
pertempuran,warfare
pikir,ponder
pikir,think
pikir,thought
pikir,wonder
pintar,apt
pintar,big-brained
pintar,brainy
pintar,bright
pintar,brilliant
pintar,clever
pintar,cunning
pintar,intelligent
pintar,sharp-witted
pintar,smart
pintar,witty
populer,famous
populer,popular
positif,positive
potong,cut
potong,slice
puja,praise
puja,worship
puji,praise
pukul,beat
pukul,hit
pukul,o'clock
pukul,punch
pukul,spank
pukul,strike
pulih,get well
pulih,recover
pulih,restore
pulih,revert
pura,shrine
pura,temple
pusing,dizzy
pusing,faint
pusing,giddy
pusing,headache
racun,poison
racun,toxic
racun,toxin
racun,venom
rahmat,blessing
rahmat,godsend
rahmat,grace
rahmat,mercy
rampas,grab
rampas,rob
rampas,snatch
rampas,steal
rampas,take away
rampas,take over
rampas,yank
rampas,yoink
ras,ethnicity
ras,people
ras,race
raya,big
raya,celebration
raya,festivity
raya,grand
raya,great
raya,large
rela,accepting
rela,compliant
rela,ready
rela,willing
rindu,homesick
rindu,lonesome
rindu,longing
rindu,miss
rindu,yearning
runtuh,cave in
runtuh,collapse
runtuh,fall
runtuh,fall apart
runtuh,fall down
runtuh,tumblin down
sadar,awake
sadar,aware
sadar,cognizant
sadar,come round
sadar,conscious
sadar,know
sadar,mindful
sadar,realize
sadar,recognize
sadar,sensible
saham,holdings
saham,share
saham,stock
sakit,hurt
sakit,ill
sakit,pain
sakit,sick
sakit,sore
salah,amiss
salah,erroneous
salah,false
salah,fault
salah,incorrect
salah,mistaken
salah,off
salah,wrong
salam,greeting
salam,regards
salam,salutation
salut,salute
sama,alike
sama,common
sama,equal
sama,identical
sama,same
sama,similar
sama,with
samping,side
sangat,exceptionally
sangat,extremely
sangat,greatly
sangat,highly
sangat,immensely
sangat,most
sangat,really
sangat,sorely
sangat,terribly
sangat,very
santai,chill
santai,lounge
santai,relax
santai,relaxed
santai,sit around
sapa,greet
sapa,who
saran,advice
saran,idea
saran,offer
saran,proposition
saran,recommendation
saran,suggestion
sayang,baby
sayang,beloved
sayang,care
sayang,darling
sayang,dear
sayang,honey
sayang,love
sayang,pity
sayang,shame
sayang,sugar
sebab,because
sebab,cause
sebab,for
sebab,ground
sebab,in that
sebab,motive
sebab,reason
sebab,since
sebut,call out
sebut,cite
sebut,mention
sebut,refer
sebut,say
sebut,speak of
sedih,bitter
sedih,dejected
sedih,depressed
sedih,heartbroken
sedih,miserable
sedih,misserable
sedih,sad
sedih,sorrowful
sedih,unhappy
segan,disinclined
segan,reluctant
segan,shy
segan,timid
segan,unwilling
selamat,congratulations
selamat,happy
selamat,safe
selesai,close
selesai,complete
selesai,completed
selesai,finish
selesai,finished
selesai,over
selesai,wrap up
semangat,oomph
semangat,passion
semangat,spirit
semangat,vigor
sembunyi,hide
sembunyi,hide out
sembunyi,lay low
sembunyi,secret
semoga,hopefully
semoga,may
sempat,had time
sempat,have time
sempat,still able to
senang,fond of
senang,glad
senang,happy
senang,have fun
senang,like
senang,love
senang,pleased
sendiri,alone
sendiri,by oneself
sendiri,own
sendiri,self
sendiri,single
sendiri,solo
sendiri,unaccompanied
senjata,arms
senjata,gear
senjata,gun
senjata,weapon
senyum,grin
senyum,smile
seperti,alike
seperti,as if
seperti,as though
seperti,like
seperti,similar
seperti,similar to
sepi,deserted
sepi,desolate
sepi,empty
sepi,lonely
sepi,lonesome
sepi,quiet
sepi,silent
seragam,even
seragam,homogenous
seragam,same
seragam,uniform
seram,bone-chilling
seram,eerie
seram,grim
seram,scary
seram,sinister
seram,spooky
serang,assault
serang,attack
serang,charge
serang,offense
serang,rush
serang,strike
serangan,assault
serangan,attack
serangan,blow
serangan,hit
serangan,raid
serangan,strike
serikat,confederation
serikat,league
serikat,union
serikat,united
siap,prepared
siap,ready
siap,set
siap,steady
sigap,spry
sigap,steady
sigap,wide-awake
silahkan,after you
silahkan,if you will
silahkan,please
simpati,sympathy
simpatik,sympathetic
solidaritas,solidarity
sopan,civil
sopan,decent
sopan,genteel
sopan,kind
sopan,nice
sopan,polite
sopan,proper
sopan,refined
sopan,respectful
sopan,well-mannered
stres,stress
striker,striker
suap,bribe
suap,brown envelope
suap,graft
suap,hush money
suap,incentive
suap,something extra
suap,sweetener
suap,tip
suka,adore
suka,enjoy
suka,fancy
suka,fond of
suka,like
suka,love
sulit,arduous
sulit,complicated
sulit,convoluted
sulit,difficult
sulit,hard
sulit,intricate
sulit,tough
sulit,tricky
sulit,troublesome
sulit,uphill
super,really
super,super
super,very
surga,eden
surga,heaven
surga,nirvana
surga,paradise
surga,valhalla
susah,difficult
susah,hard
susah,inconvenient
susah,poor
susah,troublesome
tabah,determined
tabah,enduring
tabah,gritty
tabah,patient
tabah,resilient
tabah,steadfast
tabah,tough
tabrak,crash
tabrak,hit
tahan,bear
tahan,hold
tahan,hold in
tahan,persist
tahan,put up with
tahan,resist
tahan,stand
tahan,suppress
tahan,take it
tahan,tolerate
tahan,withstand
tahanan,captive
tahanan,custody
tahanan,detainee
tahanan,hostage
tahanan,inmate
tahanan,prisoner
tak kalah,able to compete
tak kalah,not half bad
tak kalah,not lose
tak kalah,not to be outdone
tak kalah,not too shabby
tak kalah,win
takut,afraid
takut,fearful
takut,scared
takut,shaking
takut,shivering
takut,spooked
tanggung jawab,commitment
tanggung jawab,duty
tanggung jawab,responsibility
tangis,cry
tangis,howl
tangis,mourning
tangis,sob
tangis,wail
tangis,weeping
tangkap,arrest
tangkap,capture
tangkap,catch
tantangan,challenge
tantangan,dare
tanya,ask
tanya,inquire
tanya,question
tegang,anxious
tegang,nervous
tegang,stiff
tegang,strained
tegang,tense
tegang,uptight
tegas,assertive
tegas,bold
tegas,decided
tegas,decisive
tegas,dominant
tegas,firm
tegas,resolute
tegas,rigid
tegas,strict
tembak,blast
tembak,gun
tembak,shoot
tempur,battle
tempur,combat
tempur,war
tenang,calm
tenang,chill
tenang,cool
tenang,peaceful
tenang,quiet
tenang,serene
tenang,tranquil
tenggelam,drown
tenggelam,drowned
tenggelam,go down
tenggelam,go under
tenggelam,sink
tentang,about
tentang,concerning
tentang,in regards to
tentang,pertaining to
tentang,regarding
tentu,absolute
tentu,certain
tentu,definite
tentu,fixed
tentu,of course
tentu,sure
teramat,immensely
teramat,incredibly
teramat,really
teramat,terribly
teramat,very
terbesar,biggest
terbesar,largest
terbunuh,cut down
terbunuh,killed
terbunuh,mugged
terbunuh,murdered
terbunuh,slain
terbunuh,slaughtered
terbunuh,snuffed out
terbunuh,taken care of
terganggu,agitated
terganggu,annoyed
terganggu,bothered
terganggu,distracted
terganggu,disturbed
terganggu,interrupted
terganggu,upset
tergantung,depend
tergantung,depends on
tergantung,hinges on
teriak,call
teriak,cry
teriak,scream
teriak,shout
teriak,yell
teriakan,call
teriakan,cry
teriakan,scream
teriakan,shout
teriakan,yell
terima,accept
terima,get
terima,obtain
terima,receive
terima kasih,thank you
terima kasih,thanks
terima kasih,thx
terima kasih,ty
terimakasih,thank you
terimakasih,thanks
terimakasih,thx
terimakasih,ty
terkejut,mind blown
terkejut,shock
terkejut,startled
terkejut,surprise
terkejut,surprised
terkejut,taken aback
terkena,affected
terkena,caught
terkena,got
terkena,infected
terkena,stricken
terkena,struck
terluka,hurt
terluka,injured
terluka,wounded
teror,terror
terpengaruh,affected
terpengaruh,influenced
terpengaruh,persuaded
terpengaruh,swayed
tersangka,defendant
tersangka,suspect
tersangka,the accused
tersinggung,hurt
tersinggung,insulted
tersinggung,offended
tersinggung,triggered
tertarik,attracted
tertarik,fascinated
tertarik,interested
tertentu,certain
tertentu,particular
tertentu,specific
tertinggal,left
tertinggal,left behind
tidak,no
tidak aman,not safe
tidak aman,unsafe
tinggal,just
tinggal,live
tinggal,remain
tinggal,reside
tinggal,stay
tingkat,class
tingkat,degree
tingkat,extent
tingkat,floor
tingkat,grade
tingkat,level
tingkat,stage
tingkat,step
tingkat,tier
tragedi,tragedy
trauma,trauma
tubuh,body
tubuh,physisque
tuduhan,accusation
tuduhan,allegation
tuduhan,charge
tuduhan,indictment
tukang jualan,merchant
tukang jualan,peddler
tukang jualan,salesman
tukang jualan,seller
tukang jualan,street vendor
tumpas,cut down
tumpas,destroy
tumpas,eliminate
tumpas,eradicate
tunda,cancel
tunda,delay
tunda,hold up
tunda,postpone
tunggu,wait
turun,decrease
turun,descennding
turun,down
turun,drop down
turun,fall off
turun,go down
turun,step down
tutup,cap
tutup,close
tutup,closed
tutup,cover
tutup,lid
tutup,top
uang,buck
uang,cash
uang,dough
uang,funds
uang,money
uang,nickel
uang,stacks
untung,fortune
untung,gain
untung,good luck
untung,profit
utuh,intact
utuh,perfect
utuh,undamaged
utuh,whole
wajib,mandatory
wajib,must
wajib,obligatory
wajib,required
waspada,alert
waspada,beware
waspada,careful
waspada,caution
waspada,wary
wow,whoa
wow,whoo
wow,wow
ya,ay
ya,aye
ya,uh huh
ya,yas
ya,ye
ya,yea
ya,yeah
ya,yep
ya,yes
ya,yup
yakin,assured
yakin,believe
yakin,certain
yakin,confident
yakin,sure
yakin,trust
